stock1,stock2,p_value,hedge_ratio,intercept,is_cointegrated,residuals,cluster,half_life,hurst_exponent,spread_volatility
ABT,MRK,0.001092562980071013,-0.6168182179488001,178.34427619496424,True,"[-2.53237051e+01 -2.27782957e+01 -2.36005277e+01 -2.14740353e+01
 -2.10632021e+01 -2.06101558e+01 -2.03364736e+01 -2.07453796e+01
 -2.20950977e+01 -2.00339940e+01 -1.86167032e+01 -1.74811812e+01
 -1.62558133e+01 -1.63861417e+01 -1.61660875e+01 -1.80364522e+01
 -1.76691440e+01 -1.56645365e+01 -1.52277244e+01 -1.30858373e+01
 -1.20553445e+01 -1.37652096e+01 -1.24815614e+01 -1.18725361e+01
 -1.35134714e+01 -1.18731536e+01 -1.05794103e+01 -1.04278235e+01
 -9.68470636e+00 -8.63672282e+00 -8.80834555e+00 -6.55714559e+00
 -5.98172414e+00 -3.26960802e+00 -3.32023531e+00 -1.68734252e+00
 -7.57010704e-01  1.10082073e+00  5.11467690e-01  1.03425625e+00
  7.97870287e-01  7.52139063e-01  1.07843572e+00  1.93048354e+00
  1.76221203e+00  1.81780722e+00 -1.86540616e+00  4.88432907e-01
  4.65715382e-01  2.12643516e+00  2.37721940e+00  1.54457546e+00
  6.10842779e+00  3.82483694e+00  3.24585651e+00  5.92649176e+00
  5.60370420e+00  4.25095815e+00  2.97450638e+00  3.60644722e+00
  2.50841363e+00  3.43215043e+00  5.38000479e+00  6.46725462e+00
  8.76495021e+00  1.03918842e+01  1.21691059e+01  1.27054072e+01
  1.16049040e+01  1.24022792e+01  1.25404854e+01  1.05702489e+01
  1.04400345e+01  1.01146197e+01  7.89432405e+00  9.26273892e+00
  1.09304328e+01  1.06831351e+01  9.51261798e+00  9.99952288e+00
  9.12760301e+00  7.34419928e+00  4.68874988e+00  1.69288733e+00
  2.83537549e+00  2.19949235e+00  2.07409155e+00  1.30031480e+00
  1.61637707e+00  3.18032047e+00  8.75368691e+00  9.04520620e+00
  6.96341737e+00  6.51985400e+00  5.54007028e+00  3.09326178e+00
  4.34093513e+00  2.84362591e+00  4.78807034e+00  3.58366658e+00
  3.50198769e+00  1.52193407e+00  1.57246160e+00  1.21972985e+00
 -1.81434534e+00 -2.50871979e+00 -2.32680522e-01  2.44578089e-01
  7.14588963e-01  1.04912370e-01  2.26060398e+00  3.19352898e+00
  2.30658483e+00  5.14857716e-01  5.79117227e-01 -9.75649066e-02
 -5.57470928e-01 -7.74857289e-01  1.39049279e+00 -2.92108874e-01
 -1.55085750e-01 -1.86923459e-01 -6.10005664e-01 -1.71846767e+00
  6.48163262e-01  4.21001520e-01 -1.54824639e-01 -1.12731901e+00
 -1.50532029e+00  5.01633498e-01 -7.75122323e-02 -1.28929160e+00
 -5.22948612e+00 -6.52646496e+00 -6.34975149e+00 -5.31931183e+00
 -2.96710041e+00 -2.25265540e+00 -2.01235811e+00 -3.73419935e-01
  2.93082852e+00  3.32499198e+00  1.89818728e+00 -4.54481254e-01
 -1.84559427e+00 -1.55751077e+00 -2.49589532e+00 -1.68170129e+00
  1.81775409e+00  1.61222338e+00  2.52762475e+00  2.68858289e+00
  1.25690436e+00  4.08217268e-02 -4.23503196e+00 -2.50247483e+00
 -2.60882458e+00 -4.55901378e+00 -2.56245056e+00 -4.80443015e+00
 -5.11718639e+00 -3.00270599e+00 -9.18068094e-01 -1.59410714e+00
 -2.07495011e+00 -3.89281289e+00 -1.71240826e+00 -7.18442622e+00
 -4.37184137e+00 -2.76830354e+00 -3.34694690e+00  8.25466499e-01
 -4.85748700e-01 -1.53762713e+00 -5.07807647e-01 -7.37375954e+00
 -8.02070846e+00 -3.50069977e+00 -1.55226742e+00 -5.87761193e+00
 -5.71315872e+00 -4.49164487e+00 -3.82257513e+00 -4.47599396e+00
 -5.99707672e+00 -5.02961826e+00 -3.89648198e+00 -3.03035424e+00
 -2.75905335e+00 -1.43680715e+00 -2.11519371e+00 -9.83721944e-01
  1.70502347e-02  6.22898684e-01  4.37687408e-01  9.64297665e-01
  1.30069286e+00  1.19938118e+00  2.28248553e+00  2.53538790e+00
  1.82055464e+00  2.19914353e+00  2.49838781e+00  3.57304268e+00
  4.18999414e+00  3.32549704e+00  3.86921379e+00  3.80960729e+00
  6.71811463e+00  7.40279077e+00  4.43636916e+00  2.88466635e+00
  2.40940415e+00  2.57766487e+00  7.43277786e-01 -1.06597897e-01
 -9.64833806e-01 -9.00995537e-01  5.65023596e-01  8.27313680e-01
 -6.76678667e-01 -3.18406070e+00 -3.02744082e+00 -3.02600741e+00
 -1.82710432e+00  5.03147025e-01 -3.36641141e-01  3.48039706e-01
  1.42803378e+00  1.88451873e+00  2.96138275e+00  2.63156860e+00
  3.47916423e+00 -2.79922417e-01 -9.55295394e-01 -2.36506334e-01
 -9.95141491e-01 -4.40210072e+00 -4.40061600e+00 -5.35554785e+00
 -3.67082022e+00 -6.22365399e+00 -1.35262976e+00 -2.29089594e+00
 -2.34324018e+00 -3.80315246e+00 -5.01354450e+00 -2.70666491e+00
 -3.80315246e+00 -5.43524919e+00 -6.16981987e+00 -6.94989188e+00
 -7.31538439e+00 -5.73383973e+00 -5.97146726e+00 -6.61382765e+00
 -3.86917214e+00 -3.78292520e+00 -2.24212440e+00 -2.13536480e+00
 -2.71594511e-01 -1.32853573e+00 -3.86472382e+00 -3.63750175e+00
 -4.23705106e+00 -3.31335143e+00 -3.57713631e+00 -3.84775863e+00
 -4.91838272e+00 -6.99657074e+00 -6.37918412e+00 -6.40417002e+00
 -7.82752691e+00 -7.16997991e+00 -9.53593026e+00 -8.34756534e+00
 -7.45255597e+00 -6.58264056e+00 -6.09305472e+00 -5.34071586e+00
 -5.71744518e+00 -8.66411861e+00 -7.69436764e+00 -7.55637366e+00
 -7.19162067e+00 -7.61919356e+00 -6.48646282e+00 -6.35374600e+00
 -8.61740415e+00 -6.71652776e+00 -7.68078695e+00 -8.72910114e+00
 -5.59116147e+00 -7.68212249e+00 -5.42387452e+00 -4.78294354e+00
  1.15348930e+00  2.29164337e+00  8.06540001e+00  5.75905430e+00
  6.72036139e+00  8.05928658e+00  7.11318551e+00  8.20775195e+00
  3.42308623e+00  5.70175068e+00  9.42119751e-01  1.31905100e+00
  3.00131464e+00  3.21351063e+00  1.75467313e+00  2.28773777e+00
  2.78256284e-01  2.18973567e-02  3.33065591e+00  5.60372881e+00
  8.42136243e+00  9.51218548e+00  1.04664184e+01  9.37545992e+00
  1.00061182e+01  1.31185867e+01  1.58384829e+01  1.28802491e+01
  1.33862223e+01  1.12772072e+01  1.36992039e+01  1.42640016e+01
  9.32741291e+00  6.15202448e+00  6.58268454e+00  3.36149171e+00
  4.90185751e+00  3.53754416e+00  4.21917220e+00  4.01713256e+00
  2.60338948e+00  2.97790593e+00 -1.29544842e+00 -1.53890415e-01
  4.21397293e+00  4.67681290e+00  6.80269045e+00  4.25912396e+00
  4.18142892e+00  3.75849466e+00 -6.31011406e+00 -6.07114119e+00
 -8.31745069e+00 -3.47898968e+00 -8.62146730e+00 -5.28776717e+00
 -4.22833122e+00 -5.83980372e+00 -3.55783137e+00 -1.35791650e+00
 -2.52893539e+00 -2.79774305e-02 -2.04029646e+00 -1.83098321e+00
 -6.02578387e-01  3.43518011e-01  2.22409816e+00  2.76818520e+00
  1.72386072e+00  3.59828935e+00  3.17461365e+00  1.33255937e+00
  2.26303187e+00  1.42363855e+00 -3.45555488e-01  1.11263027e+00
 -4.09925597e+00 -6.49585764e+00 -9.44066248e-01  1.25500669e+00
  2.70589337e+00  2.80649821e+00  7.69162805e-02 -9.39279413e-01
 -1.29471686e+00  3.36768087e-01 -1.43378007e+00 -4.72059185e-01
  5.17530650e-01  1.50836720e-01  8.27794925e-01  7.67809243e-01
  1.34603361e+00  1.80561022e+00  1.84490639e+00  3.78998394e+00
  4.30689964e+00  6.37360188e+00  5.48445145e+00  3.92539355e+00
  5.73844795e-01  1.31959878e+00  1.75396114e+00  2.69341823e+00
  7.56836366e+00  6.49738548e+00  2.28744458e+00  3.15606001e+00
  4.80823424e+00  6.67460011e+00  4.89793417e+00  4.33326182e+00
  3.58149734e+00  3.53158987e+00  4.82207623e+00  5.38803283e+00
  3.41895745e+00  3.61819958e+00  2.35478794e+00  3.15950430e+00
 -8.57660091e+00 -6.38341258e+00 -6.03375172e+00 -3.32473893e+00
 -1.77761877e+00 -1.88738319e+00 -6.24893098e-01 -1.21106903e+00
 -4.31839635e-01 -4.31709117e-01 -4.99841203e+00 -3.18866385e+00
 -2.12214178e-01  1.11247029e+00  5.26830052e-01  2.21986169e+00
  4.62548845e+00  1.31529343e+00  1.14172301e+00  1.00087234e+00
  9.11952889e-01  4.25664973e+00  2.78930835e+00  4.19862853e+00
  5.21845610e+00  5.64770273e+00  7.02300695e+00  5.04797450e+00
  4.57375948e+00  3.88242637e+00  3.26753813e+00  5.10765488e+00
  4.74363867e+00  4.66641009e+00  5.21422384e+00  5.74678049e+00
  4.63135261e+00  4.70007575e+00  1.76728429e+00  5.72680105e+00
  5.37278765e+00  2.37892994e+00  3.84576731e+00  5.28037292e+00
  5.91917078e+00  7.37030695e+00  7.26307671e+00  6.26491432e+00
  4.09488657e+00  2.24063469e+00  3.07173225e+00  2.64600668e+00
  6.77232292e+00  1.01286680e+01  9.26836893e+00  1.06638981e+01
  9.57711740e+00  8.12629008e+00  8.62440166e+00  8.34713599e+00
  6.67902957e+00  5.31541356e+00  6.58023292e+00  2.98630144e+00
  1.04910478e+00  2.49573436e+00  4.40946670e+00  3.24133867e+00
  3.64516520e+00  1.76993257e+00  2.47114685e+00  3.11572729e+00
  1.94741317e+00 -5.10153450e-01 -4.55202934e-01 -1.69024100e+00
 -3.62294638e+00 -8.17897010e-01 -1.75098624e+00 -4.83613264e-01
  1.23479951e+00  1.05470360e+00  4.75533885e+00  6.88375528e+00
  8.09625310e+00]",1,11.450410957694897,0.1360942722012537,6.392185973610453
MCD,MRK,0.0022718675652121313,-0.9687076994137372,382.4275439081431,True,"[-3.22231702e+01 -2.61738299e+01 -2.67452279e+01 -2.27695445e+01
 -2.18233097e+01 -2.09126646e+01 -2.01577216e+01 -2.12260180e+01
 -2.21249732e+01 -2.28919730e+01 -1.86592798e+01 -1.38131252e+01
 -1.21939437e+01 -1.07357063e+01 -1.09746609e+01 -1.26342405e+01
 -1.39619090e+01 -9.92318870e+00 -7.75353679e+00 -9.22341037e-01
 -7.01641786e+00 -1.03617073e+01 -6.66820391e+00 -5.77590272e+00
 -8.48168854e+00 -5.23405554e+00 -3.73577833e+00 -2.68660170e+00
 -7.43717911e-01  1.21851096e+00  2.09079299e+00  6.46735739e+00
  5.32623890e+00  4.83583691e+00  2.38883897e+00  5.32855201e+00
  5.30233853e+00  8.78710450e+00  8.45047086e+00  7.98119334e+00
  5.56849090e+00  5.30572011e+00  8.75289327e+00  1.49957501e+01
  1.34558816e+01  1.54058087e+01  1.49002209e+01  1.29457150e+01
  8.82711041e+00  9.29671342e+00  1.18909844e+01  9.23193579e+00
  1.95093062e+01  1.85482509e+01  7.70273535e+00  7.07733445e+00
  1.01904047e+01  1.38172926e+01  1.03929513e+01  1.02633731e+01
  8.10945525e+00  9.48436764e+00  1.36859651e+01  1.49852203e+01
  1.52049544e+01  1.71017549e+01  2.00759205e+01  2.20064752e+01
  2.08426443e+01  1.77919357e+01  1.83944815e+01  1.62442977e+01
  1.45739738e+01  1.21094440e+01  1.25356717e+01  1.37553732e+01
  1.22185737e+01  1.31594426e+01  1.46814993e+01  1.40884422e+01
  2.57778705e+00  6.75334506e-01 -8.93134690e-01 -1.50747344e+00
  3.33452123e+00  6.38163327e+00  5.28143783e+00  4.62479734e+00
  2.10075029e+00  2.29445192e+00  1.13228353e+01  1.14397549e+01
  8.88431353e+00  5.90010211e+00  3.36143301e+00 -3.96540229e+00
 -6.94294701e+00 -7.42218992e+00 -5.46911649e+00 -6.17543267e+00
 -6.77718367e+00 -8.34258874e+00 -9.04726585e+00 -1.08617791e+01
 -6.21279760e+00 -5.34775595e+00 -3.86547853e+00  6.69797410e-01
  1.86930849e+00  1.85453315e+00  4.17572221e+00  2.19562990e+00
  1.64343661e+00  3.21085638e-01  1.27535718e+00 -3.32759152e-01
 -3.88173994e+00 -4.81101787e+00 -3.95659618e+00 -3.76655173e+00
 -3.66057678e+00  2.98779151e+00 -1.27463533e+00 -2.49277988e+00
  3.43740696e+00  2.30587324e+00  1.50103521e+00 -3.03679854e+00
 -5.17946610e+00 -4.96238561e+00 -1.25393887e+01 -1.38414394e+01
 -2.13888451e+01 -2.55892614e+01 -2.42466831e+01 -1.67319087e+01
 -1.16174872e+01 -8.46451499e+00 -1.04342644e+01 -8.73810335e+00
 -1.29813652e+01 -1.45566940e+01 -1.37772209e+01 -1.50956571e+01
 -1.66190220e+01 -1.66341555e+01 -1.78249151e+01 -2.00128123e+01
 -1.55295923e+01 -9.12443441e+00 -6.08407889e+00 -9.03583661e+00
 -9.91625483e+00 -1.11447756e+01 -1.99660017e+01 -2.08735563e+01
 -2.31779983e+01 -2.27660580e+01 -2.11503375e+01 -2.49198053e+01
 -2.66507739e+01 -2.09445232e+01 -1.52075849e+01 -1.72047631e+01
 -1.91732411e+01 -1.60833968e+01 -1.20419841e+01 -1.50016611e+01
 -1.57674974e+01 -1.36460204e+01 -2.01953388e+01 -1.94270153e+01
 -2.13475857e+01 -2.13704359e+01 -9.88019802e+00 -1.66297280e+01
 -1.96072973e+01 -1.57123684e+01 -6.71784404e+00 -1.74049461e+01
 -1.69171350e+01 -1.63441564e+01 -1.32490038e+01 -1.58510634e+01
 -1.53380644e+01 -1.36678923e+01 -1.36033375e+01 -1.02397911e+01
 -6.38875011e+00  3.10930000e+00  1.91203643e+00  6.70176573e+00
  6.69850050e+00  7.04610012e+00  5.92375899e+00  7.06988762e+00
  5.38870548e+00  6.23129815e+00  7.92715586e+00  4.75551589e+00
  6.48450062e+00  9.01472610e+00  9.82368283e+00  9.30826310e+00
  9.21446222e+00  7.62295416e+00  1.01956199e+01  1.48463036e+01
  1.76835760e+01  1.51188775e+01  1.37650622e+01  1.42264394e+01
  1.70823991e+01  1.78230057e+01  1.83795614e+01  1.83601497e+01
  1.99357211e+01  2.05352538e+01  2.12151180e+01  2.08222808e+01
  1.90997807e+01  1.70220191e+01  1.69419834e+01  1.29960303e+01
  1.39567146e+01  1.74773877e+01  1.68699801e+01  1.81554171e+01
  2.28085481e+01  2.79474928e+01  2.65002050e+01  2.76137906e+01
  2.84505124e+01  2.46141018e+01  2.46989060e+01  8.70368453e+00
  1.11779774e+01  6.37759791e-01  4.95593802e+00  2.73974018e+00
  3.66590028e-01 -1.40149011e+00  1.21675985e+00 -1.09868898e+00
  3.06384112e+00 -1.03983725e+00  1.61302548e-02  5.86255545e+00
  6.31843912e+00  1.49580247e+00  1.50689838e-01  1.20234631e+00
 -6.50732549e+00 -7.76891282e+00 -8.14916865e+00 -7.13254897e+00
 -7.25638311e+00 -6.12286552e+00  1.50188992e+00  2.06838541e+00
  2.24805321e+00  1.77437849e+00 -9.57290173e-01  2.22616383e+00
  2.35780477e+00  8.69998288e+00  7.78860085e+00  1.07920067e+01
  7.53702218e+00  1.83744314e+00  3.75963414e+00  4.43070583e+00
  4.45792748e+00  2.85551049e+00 -3.87600191e+00 -3.40387459e+00
 -2.37952573e+00 -2.50307988e+00  2.26504627e-01  1.41828104e+00
  9.81726996e-02 -5.10604822e+00 -3.77581213e+00 -1.49206029e+00
  7.11252623e-01 -1.29859169e+00 -2.86649120e+00 -6.36680048e+00
 -1.14440480e+01 -8.51745095e+00 -1.17850569e+01 -1.06629722e+01
 -1.26052702e+01 -1.40333323e+01 -1.39833391e+01 -1.57492727e+01
 -1.18269425e+01 -1.18312714e+01 -2.08001479e+00 -4.44857140e+00
 -4.68944668e+00 -3.85212910e+00 -5.56710031e+00 -3.32663807e+00
 -1.21232549e+01 -1.40548358e+01 -1.01438672e+01 -1.09278502e+01
  2.12451238e+00  4.01602927e+00  6.31015465e-01  1.83306009e+00
 -9.39666172e-01 -4.33307764e+00 -4.99910337e+00 -1.94934009e+00
  1.49457006e+00  5.87444137e+00  9.12174162e+00  8.50690575e-01
  7.56446551e+00  7.54429482e+00  6.14731401e+00  7.05508387e+00
  9.30939694e+00  1.29592288e+01  2.43683827e+01  2.09199703e+01
  1.00772226e+01  1.50063640e+00  9.02606415e-01  3.07455131e+00
  8.14617769e+00  7.71385404e+00  1.03316964e+01  1.10850759e+01
  8.00410721e+00  7.47170497e+00  4.49090013e+00  1.13038572e+01
  9.93952163e+00  5.95058794e+00  1.16745168e+01  1.04131021e+01
  7.89225895e+00  1.43075683e+01 -8.32072672e+00 -8.81361507e+00
 -1.09908595e+01 -4.09614275e+00 -5.44870246e+00 -8.15756333e-01
  5.27533262e+00  9.84961597e-01 -4.18998907e+00 -5.52183817e-01
 -3.24561040e+00  8.06149756e+00  7.24985873e+00  6.05996112e+00
  9.32829159e+00  9.82488476e+00  8.98446012e+00  1.45418610e+01
  6.75705582e+00  5.01997761e+00  8.41474707e+00  5.86375530e+00
  7.26468239e+00  1.28075840e+00 -1.26876041e-01  2.36868084e+00
 -4.43393576e+00 -8.61166354e+00 -4.47037738e-01  4.83310119e+00
  8.53480104e+00  7.82368312e+00  3.56126180e+00  2.27199222e+00
  2.28215057e+00  2.66737259e+00 -7.67502660e-01 -1.51805865e+00
  8.67437120e-01  9.03718617e-01  1.46061225e+00  1.71843296e+00
 -1.47426455e+00 -1.80300439e+00 -4.02653507e+00 -6.43353832e+00
 -6.12903556e+00 -3.27256543e+00 -4.61998275e+00 -1.01506886e+01
 -1.66789813e+01 -1.83750113e+01 -2.07534129e+01 -1.76498864e+01
 -1.55574167e+01 -2.20675185e+01 -2.27937103e+01 -1.66481535e+01
 -1.59740485e+01 -8.14213753e+00 -1.04296255e+01 -1.23770386e+01
 -1.29526854e+01 -1.43513355e+01 -1.07643888e+01 -5.12731153e+00
 -4.24898131e+00 -1.99273295e+00 -6.30233337e+00 -6.14537309e+00
 -5.55657531e+00 -1.03343477e+01 -1.22803626e+01 -6.66345188e+00
 -5.43416267e+00 -8.92891337e+00 -4.38590538e+00 -4.26362188e+00
 -2.20480825e+00 -2.11426984e+00 -9.11626905e+00 -5.18986112e+00
 -3.31067262e+00 -7.84778304e+00 -3.02937895e-01  8.37747093e-01
 -1.30140286e+00 -3.01836330e+00 -5.46398561e+00  2.58372993e-01
  4.16446211e+00  5.53541812e+00  5.31634297e+00  8.21477577e+00
  1.00936635e+01  1.15949895e+01  1.36776214e+01  1.10751324e+01
  1.02710145e+01  7.88702344e+00  7.84763909e+00  1.00331028e+01
  1.53276542e+01  1.47106489e+01  1.51859294e+01  1.32090348e+01
  1.10342918e+01  1.12530956e+01  4.11675548e+00  7.68108802e+00
  2.40648134e+00 -1.87284203e+00 -5.85031565e-01  1.14339945e+00
 -2.30879171e+00 -1.08817238e+00 -1.55345316e+00 -1.77967471e+00
 -9.20616697e-01 -4.95584012e+00 -1.08587917e+00 -3.31650088e+00
  2.76610825e+00  5.40206739e+00  4.16148922e+00  4.95150915e+00
 -3.66288699e-01 -1.23905445e+00 -4.33120330e+00 -3.85562265e+00
 -2.11836114e+00  7.00688327e-01  4.18199283e+00  4.30046128e+00
  4.19639103e+00  7.79917915e+00  8.96129342e+00  9.93063836e+00
  1.25509236e+01  8.99439484e+00  8.11469919e+00  1.28187336e+01
  8.27907989e+00  3.79317658e+00  3.58254789e+00 -7.08059985e-01
 -6.14885274e+00 -1.98172419e+00  4.99171168e+00 -9.21794973e-01
  8.12558877e-01  7.07855120e-01  1.25064050e+01  1.31007747e+01
  1.61838277e+01]",1,10.570952035641449,0.15720915372348504,11.152713714674121
GE,RTX,0.004043077947458666,2.214328766092461,-75.80728105106306,True,"[-3.13041733e+00 -1.45321562e+00  5.00448798e-01  1.69838407e+00
  3.73134065e+00 -5.83676483e-02 -1.07735920e-01  9.79746967e-01
 -1.43889414e+00 -3.05159491e+00 -1.86278228e+00 -3.10177737e+00
 -5.59405567e+00 -5.68126321e+00 -6.05516268e+00 -3.73536350e+00
 -2.47599641e+00 -3.93592430e+00 -5.14367738e-01 -6.06202575e+00
 -3.02798478e+00  1.82397837e+00  1.27311691e+00 -1.02811983e+00
 -9.65565032e-01  1.08505483e+00 -1.73727227e+00 -2.87054111e+00
 -2.48710307e+00 -2.39238414e+00 -2.87298352e+00 -6.50188713e+00
 -8.82516674e+00 -7.92520597e+00 -6.57467111e+00 -5.98493525e+00
 -5.50501634e+00 -5.37595603e+00 -3.65276637e+00 -5.83800689e+00
 -5.50461372e+00 -5.40536716e+00 -4.98288941e+00 -4.11634363e+00
 -1.90809342e+00 -1.25778058e+01 -1.24656512e+01 -1.55575213e+01
 -1.34329217e+01 -1.28002830e+01 -1.16754740e+01 -1.39760403e+01
 -1.38551143e+01 -1.25581034e+01 -1.21890989e+01 -1.23769706e+01
 -1.09045341e+01 -8.57266762e+00 -7.26103502e+00 -7.90195589e+00
 -5.46633335e+00 -3.43899606e+00 -2.81597667e+00 -5.29275828e-01
 -8.91491534e-01  1.10557255e+00  3.35084881e+00  3.63073437e+00
  4.74584844e+00  3.27166324e+00  5.62344116e+00  7.17028027e+00
  8.28036755e+00  9.90691881e+00  7.09877166e+00  7.96389088e+00
  1.28662961e+01  1.33103136e+01  1.10892302e+01  1.49118168e+01
  1.57335448e+01  1.04664964e+01  9.64429856e+00  9.31176345e+00
  9.10870973e+00  9.50112315e+00  1.29063956e+01  8.98306828e+00
  7.47976753e+00  6.60413270e+00  8.80612667e+00  5.01170663e+00
  4.38384473e+00 -7.55391442e-01  1.04398315e+01  8.41269382e+00
  1.21158487e+01  1.19256045e+01  1.05190212e+01  1.31307408e+01
  1.54337441e+01  1.41490511e+01  1.33994239e+01  1.46709618e+01
  1.37842632e+01  1.11654981e+01  4.50644366e+00  6.61667315e+00
  1.93174596e+01  1.66920398e+01  1.72617791e+01  1.89855410e+01
  1.88949262e+01  1.82244231e+01  1.67680278e+01  1.82426027e+01
  2.07506640e+01  2.34801621e+01  2.14494325e+01  2.00047509e+01
  1.47939628e+01  9.46734928e+00  6.73951748e+00  7.44951856e+00
  1.16384724e+01  1.03467478e+01  9.25775776e+00  6.83965947e+00
  7.65837056e+00  5.56997161e+00  1.19219343e+01  1.21157317e+01
  1.49537410e+01  1.20911786e+01  1.02024220e+01  6.62079016e+00
  3.92509177e+00  2.70142199e+00  2.69453450e+00  1.34387338e+00
  2.78294361e+00  5.89685079e+00  3.80700055e+00  4.81445205e+00
  3.26142669e+00  5.17706936e+00  1.19405404e+01  1.30165885e+01
  1.23985127e+01  1.04795600e+01  1.46952937e+01  1.47349486e+01
  1.63058878e+01  1.75491136e+01  1.65299702e+01  1.83437425e+01
  1.89437272e+01  1.97667730e+01  1.80889272e+01  2.16737866e+01
  1.90966525e+01  2.25711938e+01  1.68522345e+01  1.49144859e+01
  1.47261139e+01  1.35429819e+01  4.57148260e+00  9.16844708e+00
  1.17298770e+01  1.32593728e+01  1.98377929e+01  1.05139784e+01
 -5.79019281e+00 -1.72579362e+00 -2.72432428e+00 -1.03647313e+01
 -8.98260651e+00 -7.80971256e+00 -1.65598193e+01 -1.57229168e+01
 -1.01800443e+01 -9.77914511e+00 -8.37697257e+00 -9.13577357e+00
 -1.03654895e+01 -9.84523352e+00 -1.15609546e+01 -1.11192103e+01
 -1.21128234e+01 -1.14826850e+01 -1.15471648e+01 -8.84851969e+00
 -1.20067740e+01 -1.15639044e+01 -1.19546792e+01 -1.38978626e+01
 -1.59551886e+01 -1.74059345e+01 -1.86532311e+01 -2.38824759e+01
 -2.20093600e+01 -2.13090961e+01 -2.13041626e+01 -2.31201758e+01
 -1.96356860e+01 -1.80032394e+01 -1.65022629e+01 -5.86020687e+00
 -2.89793324e+00 -2.97920188e+00  1.71413485e+00  2.61101791e+00
  5.32577168e+00  1.95420535e+00  3.43595792e+00  1.24156988e+00
 -1.93197382e+00 -1.29876210e+00  2.10024437e-01 -9.06773357e+00
 -8.16882898e+00 -9.89993824e+00 -9.42136378e+00 -1.08384017e+01
 -5.97292257e+00 -5.15089447e+00 -4.11123676e+00 -3.23903820e+00
 -3.31937626e+00 -6.21331580e+00 -7.19652850e+00 -5.73894662e+00
 -6.11793089e+00 -4.46446532e+00 -2.11232005e+01 -1.97711378e+01
 -1.72806528e+01 -1.78950540e+01 -2.21981371e+01 -1.77691120e+01
 -1.51638667e+01 -1.61176443e+01 -1.13345074e+01 -9.64672129e+00
 -8.29567753e+00 -8.49533069e+00 -7.11565990e+00 -8.72511269e+00
 -1.11660580e+01 -1.04910015e+01 -1.04015656e+01 -5.04474313e+00
 -7.02944329e+00 -8.31993628e+00 -7.34177516e+00 -7.33900177e+00
 -9.63514895e+00 -7.72397673e+00 -4.03149361e+00 -3.94599404e+00
 -7.33213458e+00 -9.03350646e+00 -3.86838115e+00 -2.32432458e+00
 -2.87230311e+00 -1.10029029e+01 -7.19269160e+00 -8.34929758e+00
 -1.06468604e+01 -1.17984978e+01 -1.36427223e+01 -1.61800477e+01
 -1.71843779e+01 -1.56685836e+01 -1.50009084e+01 -1.23849289e+01
 -1.10629306e+01 -1.07442418e+01 -8.72594524e+00 -8.52831577e+00
 -9.59001594e+00 -8.30928473e+00 -1.07045598e+01 -9.54560442e+00
 -5.88530980e+00 -1.53471852e+00 -3.20175130e+00 -5.06864518e+00
 -4.49547544e+00 -1.03546182e+01 -8.86413404e+00 -4.62036421e+00
 -8.15773062e+00 -6.48038513e+00 -1.19777384e+01 -8.13174611e+00
  8.35152318e-02 -1.80936790e+00 -3.52158374e+00 -1.07533827e+01
  9.22821829e-01 -1.03868012e+00 -2.96416745e+00 -4.54351835e+00
 -3.08208293e+00 -2.41705395e+00 -1.14446234e-01  9.20470031e-01
  2.06037528e-01  1.91287752e+00  7.81413376e+00  8.59137026e+00
  1.59873767e+01  1.48429702e+01  1.16601076e+01  1.05628199e+01
  4.30336441e+00 -1.50555766e+00 -5.13754862e+00 -2.74233980e+00
 -9.96248009e+00 -9.85537499e+00 -1.66951205e+01 -8.61833095e+00
 -6.96708559e+00 -1.04047892e+01 -1.28580136e+01 -1.44876040e+01
 -1.39872121e+01 -1.03869767e+01 -1.56799139e+01 -1.27353195e+01
 -1.23469557e+01 -1.49874237e+01 -1.59889833e+01 -1.57601339e+01
 -1.09544424e+01 -9.95955167e+00 -1.01923016e+01 -1.20222826e+01
 -1.15341788e+01 -1.37673234e+01 -1.51212597e+01 -1.23464208e+01
 -1.70136732e+01 -2.27163227e+01 -1.54484955e+01 -1.42757229e+01
 -1.94975888e+01 -1.91271695e+01 -2.18886968e+01 -2.43392921e+01
 -2.19511265e+01 -2.11835363e+01 -2.57329370e+01 -2.56015102e+01
 -2.29564767e+01  1.49773607e+01  5.14214416e+00  5.15526331e+00
 -9.56150553e-01  2.38860319e+00 -1.03344638e-02  1.49526255e-01
 -5.93632448e-01 -2.65620009e+00  2.13385738e+00  2.73791886e+00
  5.50208264e+00  7.49353742e+00  7.96227216e+00  7.79598247e+00
  1.00679974e+01  1.15700281e+01  7.31862426e+00  9.79994158e+00
  9.52780511e+00  9.54177320e+00  1.27177302e+01  1.13867054e+01
  1.61927530e+01  2.11021786e+01  2.59413114e+01  2.21310254e+01
  2.01725706e+01  1.95778130e+01  2.08759026e+01  2.05656933e+01
  2.04565020e+01  2.40904336e+01  1.57370543e+01  1.17756184e+01
  8.03299564e+00  4.34761949e+00 -9.41704010e+00 -1.11744911e+01
 -1.64156371e+01 -1.05219760e+01 -8.74886357e+00  1.49837747e+00
  1.11661345e+01  1.33492220e+01  1.16023492e+01  1.07157446e+01
  1.05897817e+01  6.27662444e+00  1.29054157e+00  7.03136643e-01
  2.45577131e+00  3.08439496e+00  3.56054009e+00  5.31278787e+00
  7.12312386e+00  8.72155855e+00  1.23715030e+01  1.05947199e+01
  1.76980760e+00  4.75616624e+00  4.21437094e+00  5.62814787e+00
 -6.33483308e+00  1.28920229e+00  1.20514785e+00  2.01205535e+00
 -6.02380442e-01 -1.88264906e-01 -8.25453799e-01 -8.47848374e-01
  4.73715353e+00  2.94705484e+00  4.38551703e+00  4.10381319e+00
  9.07430312e+00  9.39637187e+00  1.22997607e+01  1.05783733e+00
  3.28577942e+00  2.12450192e+00 -3.98436070e-01  1.15895298e+00
 -4.81961468e+00 -1.95455832e+00 -3.95474561e+00 -3.94127775e+00
 -3.92749400e+00 -5.11460236e+00 -4.28360913e+00 -5.21108507e-01
  9.75129445e-01  1.29298969e+00  6.36311526e+00  5.89545606e+00
  1.00266003e+01  1.56857533e+01  1.56504397e+01  7.93473422e+00
  1.20503513e+01  1.15540684e+01  1.72714785e+01  1.44035975e+01
  2.22500251e+01  2.61843764e+01  2.34294805e+01  2.55759749e+01
  1.83923962e+01  1.72027047e+01  8.71668923e+00  7.10665913e+00
  6.10365189e+00  6.45152300e+00  6.28368015e+00  3.94439114e+00
  2.48579798e-01  2.72783159e+00  5.09786229e+00  1.60374641e+01
  1.80976316e+01  2.15911418e+01  2.29232758e+01  2.82776599e+01
  2.78869379e+01  2.61940739e+01  2.26224829e+01 -7.30148884e-01
 -2.04089286e+01 -1.51418635e+01 -1.59125444e+01 -8.24902281e+00
 -1.00368270e+01 -4.31742709e-01 -6.30892457e+00 -1.05003915e+01
 -7.59747371e+00 -8.85098271e+00 -4.37593890e+00 -6.65171039e+00
 -8.79249437e+00 -8.68399280e+00 -1.03247219e+01 -8.63681379e+00
 -6.44168842e+00]",6,10.253765082747119,0.1009239430546142,11.484732324634026
ABBV,RTX,0.017137654970817984,0.7924895318883552,84.26570237388049,True,"[-1.70849069e+01 -1.65960359e+01 -1.61576766e+01 -1.57591313e+01
 -1.45892773e+01 -1.61060660e+01 -1.60417342e+01 -1.52610386e+01
 -1.67519404e+01 -1.69404409e+01 -1.37188770e+01 -1.34091490e+01
 -1.33375102e+01 -1.26101992e+01 -1.09383047e+01 -8.53279794e+00
 -7.17432202e+00 -5.78233035e+00 -3.26935855e+00 -3.94492203e+00
 -2.36641875e+00 -1.94365702e+00 -2.83450582e+00 -4.13955375e+00
 -5.17206870e+00 -4.61548347e+00 -3.35599157e+00 -4.28006288e+00
 -4.12927746e+00 -4.25046277e+00 -4.02249684e+00 -3.25809486e-01
 -2.68494655e-02  1.05788591e+00  1.71468169e+00  7.01767145e-01
  1.55261620e+00  3.74385334e+00  3.28916541e+00  2.67834572e+00
  2.44599090e+00  3.31639663e+00  4.18160465e+00  5.51914796e+00
  6.49182051e+00  5.02039299e+00  1.97954762e+00  1.72934724e+00
  1.44682761e+00  1.23755923e+00  1.79118269e+00  9.05008122e-01
  3.10565633e+00  4.26697753e+00  6.50585447e+00  8.38566332e+00
  1.02713675e+01  1.07435470e+01  1.04798812e+01  9.04861911e+00
  9.67536941e+00  1.01282531e+01  1.18650723e+01  1.33072705e+01
  1.16927316e+01  1.17063003e+01  1.32905450e+01  1.41828029e+01
  1.48526875e+01  1.47148159e+01  1.41672764e+01  1.25242577e+01
  1.51158107e+01  1.32809518e+01  1.51513401e+01  1.67856849e+01
  1.61018067e+01  1.42297126e+01  1.45642721e+01  1.68920615e+01
  1.54259822e+01  1.57651626e+01  1.17421645e+01  1.19090569e+01
  1.19346298e+01  8.75219004e+00  1.03629095e+01  1.02736651e+01
  1.02797890e+01  1.05705507e+01  1.05944394e+01  1.21798118e+01
  1.07421125e+01  1.00694029e+01  7.67565753e+00 -2.55039091e+00
 -2.40243107e+00 -2.73658257e+00 -2.20155426e+00 -3.06176399e+00
 -4.03719599e+00 -7.01973734e+00 -7.53766299e+00 -7.34122403e+00
 -5.64786980e+00 -5.22772338e+00 -4.21842877e+00 -2.81268231e+00
 -1.10718119e+00 -2.48333409e+00 -3.49781159e+00 -1.05525987e+01
 -9.53911892e+00 -7.76859479e+00 -8.41197758e+00 -9.79100498e+00
 -6.58410456e+00 -7.98271423e+00 -9.16763294e+00 -1.17076852e+01
 -1.31378674e+01 -1.32509698e+01 -1.23481086e+01 -1.19768518e+01
 -9.61834934e+00 -8.71549265e+00 -6.70296217e+00 -9.11881036e+00
 -1.09838953e+01 -1.48174010e+01 -1.54041712e+01 -1.72085601e+01
 -1.82626826e+01 -1.80509695e+01 -1.74959011e+01 -1.44283331e+01
 -1.50856510e+01 -1.36430396e+01 -1.09258981e+01 -7.75197520e+00
 -6.89053113e+00 -5.11444730e+00 -7.60463586e+00 -9.01793524e+00
 -7.22688526e+00 -4.68048287e+00 -3.83062038e+00 -2.46672282e+00
 -1.96719592e+00 -4.03723092e+00  1.01556614e+00 -5.73230664e-01
  4.62763263e-02 -1.51077900e+00  1.07005906e+00  6.26861898e-01
 -4.22649852e+00 -6.49515110e+00 -2.97029425e+00 -3.45500795e+00
 -2.78227890e+00 -2.36451126e+00 -1.48698501e+00 -7.95532780e-01
 -1.72926394e+00 -2.19970567e+00  2.60642167e+00 -4.63716373e-01
  1.46332273e+00  1.95801517e+00  5.89710270e-01  3.63110748e+00
  2.66726965e+00  5.16242321e+00  1.69720089e+00  4.45100830e+00
  2.58014002e+00  7.36779907e+00  7.19702595e+00  3.45277301e+00
  5.34186946e+00  7.26047306e+00  9.29657187e+00  8.03462063e+00
  7.92649054e+00  8.73206612e+00  9.81821373e+00  9.65297594e+00
  9.96133404e+00  1.24974671e+01  1.21180876e+01  1.30184302e+01
  1.22745936e+01  1.30172551e+01  1.27719314e+01  1.07011520e+01
  9.15386536e+00  7.81643071e+00  8.08385417e+00  1.12324174e+01
  1.04873751e+01  7.65142942e+00  9.10135553e+00  9.88298242e+00
  1.33597313e+01  9.60494870e+00  8.40596689e+00  9.34948677e+00
  1.07443292e+01  8.92396196e+00  8.97117647e+00  9.01698609e+00
  9.39373934e+00  8.09176446e+00  7.96372213e+00  5.13880422e+00
  6.20289012e+00  8.91875887e+00  1.08990499e+01  7.89113358e+00
  8.02887028e+00  7.00309912e+00  4.92779614e+00  4.16719373e+00
  4.79627494e+00  6.11458760e+00  6.51583941e+00  5.59330692e+00
  6.44119213e+00  3.97386703e+00  1.69664572e+00  2.35659487e-01
  3.83771011e-01 -1.84230709e+00  5.90164484e-01 -1.56534905e+00
  1.72977463e+00 -1.65880885e-03  1.55673780e+00  3.38559377e+00
  1.57510271e+01  1.87168839e+01  2.01480227e+01  1.77547625e+01
  1.81624879e+01  1.56709354e+01  1.61774108e+01  1.25056122e+01
 -1.25021186e+01 -1.48047341e+01 -1.58149611e+01 -1.27581047e+01
 -1.74287800e+01 -1.68540883e+01 -1.62380360e+01 -1.52366387e+01
 -1.24786424e+01 -7.62243781e+00 -5.86029833e+00 -3.44902797e+00
 -1.36368530e+00 -2.67241011e+00 -1.33286987e+00 -1.14072145e+00
 -6.89303818e+00 -6.61869777e+00 -6.18542601e+00 -4.71693853e+00
 -6.39103423e+00 -7.12382572e+00 -7.56880172e+00 -8.72266403e+00
 -1.06850780e+01 -6.52284228e+00 -6.48334904e+00 -8.72156375e+00
 -5.59540701e+00 -2.99748584e+00 -1.59808967e+00 -2.53510639e+00
 -3.42716702e+00 -4.01221658e+00 -2.95341606e+00 -1.49869679e+00
  3.30497650e-01  6.30823551e-01 -4.66689598e-01 -2.33666160e+00
 -4.92150860e+00 -5.45870907e+00 -7.95975829e+00 -1.01597910e+01
 -8.93782145e+00 -1.15327201e+01 -1.41327400e+01 -1.63885475e+01
 -1.64466535e+01 -1.60420731e+01 -9.40184056e+00 -1.40177943e+01
 -1.10638705e+01 -1.36905725e+01 -5.62068038e+00 -2.92263125e-01
  7.33058617e-01  1.87161209e+00  3.35831643e+00  1.69507424e+00
  1.20715814e+00  1.98867962e+00  4.94969190e+00  6.12278763e+00
  8.23612817e+00  1.04783048e+01  1.02624300e+01  1.39396527e+01
  1.60441968e+01  1.63149150e+01  1.48740618e+01  1.37954847e+01
  1.32360101e+01  1.52080938e+01  1.69382383e+01  1.73371215e+01
  2.02859574e+01  2.05830661e+01  2.39415241e+01  2.61588506e+01
  2.34864461e+01  2.21119476e+01  2.06411312e+01  2.02355279e+01
  2.12517995e+01  2.01446742e+01  1.65195688e+01  1.69039890e+01
  1.66506278e+01  1.40101393e+01  5.61184130e+00  6.61689713e+00
  8.70838873e+00  1.25573612e+01  1.61020697e+01  1.26261105e+01
  1.13372505e+01  1.01670740e+01  5.88173402e+00  5.58388574e+00
 -7.49261651e+00 -9.68203204e+00 -1.41152761e+01 -1.42203787e+01
 -1.09611371e+01 -1.12182931e+01 -1.67370154e+01 -1.51648921e+01
 -1.57761034e+01 -2.50217993e+00 -4.40952269e+00 -2.46818997e+00
  5.81425162e-01  7.09278721e+00  7.51439722e+00  8.76552363e+00
  6.02825072e+00  8.87989827e+00  7.78920537e+00 -6.53580992e-01
  7.89815046e-01 -2.59933525e+00 -3.56398063e+00  3.36683019e-01
 -1.82651871e+00 -1.22761048e+01 -1.18156041e+01 -9.48084008e+00
 -9.16754035e+00 -9.99835938e+00 -1.12500296e+01 -9.83083178e+00
 -8.30152655e+00 -7.33181080e+00 -8.86336998e+00 -7.91156659e+00
 -8.75476907e+00 -8.66178126e+00 -8.43742209e+00 -9.17729407e+00
 -9.45961795e+00 -7.16023584e+00 -9.30309341e+00 -7.02745743e+00
 -7.65462635e+00 -6.09415481e+00 -1.11294282e+01 -1.19535288e+01
 -1.88430844e+01 -1.67738983e+01 -1.75684580e+01 -1.84294800e+01
 -1.35430265e+01 -1.33296891e+01 -1.29694267e+01 -1.89494195e+01
 -1.67643141e+01 -1.10188275e+01 -1.05311090e+01 -1.29485749e+01
 -1.47068649e+01 -1.18034705e+01 -1.19688398e+01 -7.83099480e+00
 -1.07119042e+01 -1.35288626e+01 -1.65204829e+01 -1.35361021e+01
 -1.37713658e+01 -1.58960454e+01 -2.03218052e+01 -1.61922431e+01
 -1.85524671e+01 -1.72724038e+01 -1.91282375e+01 -2.02365464e+01
 -1.83843195e+01 -2.12905990e+01 -2.09236395e+01 -1.41683788e+01
 -1.26622184e+01 -1.04834763e+01 -1.22597370e+01 -9.72594955e+00
 -9.82004496e+00 -9.18693344e+00 -9.73135886e+00 -7.09519228e+00
 -3.41109702e+00 -1.16979437e+00 -2.40634814e+00 -1.32544387e+00
 -7.08635392e-01 -1.47168263e-01  1.00836492e+00 -2.04357652e+00
 -3.85459518e+00 -4.36642547e+00 -5.15526500e+00 -1.06048874e+00
  9.16214029e-01  7.77389926e-01  1.45751312e+00  1.93994791e+00
  1.80498268e+00  4.38792107e+00  3.02360329e+00  9.44209607e+00
  9.00202092e+00  6.28019405e+00  4.77341863e+00  9.50483499e+00
  1.07714844e+01  1.12084200e+01  1.03845083e+01  9.52469610e+00
  6.25775363e+00  5.50760678e+00  5.31211836e+00  7.62196054e+00
  1.30097743e+01  2.58609097e+01  1.85485843e+01  1.59571840e+01
  1.05044817e+01  1.27531044e+01  1.17292313e+01  1.62471848e+01
  1.96088901e+01  1.84989572e+01  1.69014766e+01  1.75334423e+01
  1.81438093e+01  2.01305858e+01  2.04332972e+01  9.99191374e+00
  3.36700680e+00  1.77997409e+00  2.14605308e+00  1.71846836e+00
  1.68018770e+00  1.11084269e+00  3.33080328e+00 -7.68509053e+00
 -1.26080371e+01 -7.54479016e+00 -5.38887665e+00 -3.99063096e+00
 -5.35257214e+00 -7.43509559e+00 -1.12567908e+00  8.14682650e+00
  1.54293825e+01]",6,17.01672645808923,0.15629657592050666,10.561739572810271
MCD,ABT,0.02269683793116341,1.3791836759981781,124.71080079430966,True,"[ 3.21560172e+00  5.68341173e+00  6.27262700e+00  7.21239698e+00
  7.64411678e+00  7.98867865e+00  8.34510048e+00  7.88953352e+00
  8.99064848e+00  5.27570353e+00  7.40404620e+00  1.05754764e+01
  1.03272926e+01  1.18355836e+01  1.13596434e+01  1.24736254e+01
  1.06537805e+01  1.18590512e+01  1.34273698e+01  1.69996755e+01
  9.53571922e+00  8.63461961e+00  1.04539010e+01  1.04560033e+01
  1.01395327e+01  1.10098646e+01  1.05775702e+01  1.14254971e+01
  1.23044063e+01  1.27330716e+01  1.38141387e+01  1.46147174e+01
  1.25091590e+01  8.02815260e+00  5.62753378e+00  6.29732339e+00
  4.87077733e+00  5.74524213e+00  6.26944496e+00  5.05681623e+00
  2.98576329e+00  2.82625926e+00  5.77763263e+00  1.08062812e+01
  9.43819801e+00  1.12656715e+01  1.59470975e+01  1.06066514e+01
  6.44233924e+00  4.57014431e+00  6.77611007e+00  5.36368562e+00
  8.72141788e+00  1.09065039e+01  8.85188341e-01 -3.51545643e+00
 -2.30766706e-02  5.56551542e+00  4.03115141e+00  3.04229327e+00
  2.39271558e+00  2.45008209e+00  3.88484065e+00  3.54501380e+00
  6.42698542e-01  2.11920983e-01  6.07687497e-01  1.77737071e+00
  2.19944501e+00 -1.97220729e+00 -1.46648614e+00 -7.83232392e-01
 -2.25275409e+00 -3.94357182e+00 -3.18935454e-01 -1.08924744e+00
 -4.95289924e+00 -3.61625283e+00 -3.98331659e-01 -1.65064012e+00
 -1.19029319e+01 -1.12468676e+01 -9.26646519e+00 -5.73997168e+00
 -2.55907000e+00  1.17964882e+00  2.78244969e-01  6.62943878e-01
 -2.46105554e+00 -4.44791466e+00 -3.80622636e+00 -4.11383833e+00
 -3.69024563e+00 -5.99079237e+00 -7.12759438e+00 -1.08281487e+01
 -1.55635415e+01 -1.38170480e+01 -1.45625730e+01 -1.36122912e+01
 -1.40339751e+01 -1.28224550e+01 -1.36473806e+01 -1.48484457e+01
 -6.04974930e+00 -4.21130797e+00 -5.92990319e+00 -2.18319231e+00
 -1.62517122e+00 -8.12573219e-01 -1.88245480e+00 -5.20315628e+00
 -4.41074043e+00 -3.16084887e+00 -2.24801189e+00 -2.86218370e+00
 -5.69260208e+00 -6.32880562e+00 -8.77653007e+00 -6.17261020e+00
 -6.33201886e+00  3.79360819e-01 -3.21304061e+00 -2.83162759e+00
 -5.10400788e-01 -1.23313097e+00 -1.27863186e+00 -4.45274614e+00
 -6.04823694e+00 -8.63731613e+00 -1.54144473e+01 -1.48654584e+01
 -1.65965890e+01 -1.89868848e+01 -1.77340945e+01 -1.17539692e+01
 -1.02072730e+01 -8.07223747e+00 -1.04565468e+01 -1.11410065e+01
 -1.99582881e+01 -2.21693767e+01 -1.94614041e+01 -1.73508071e+01
 -1.68623130e+01 -1.72871257e+01 -1.70469138e+01 -2.04131188e+01
 -2.09461849e+01 -1.43762432e+01 -1.28515867e+01 -1.60208123e+01
 -1.47661792e+01 -1.41276062e+01 -1.63711944e+01 -2.01316930e+01
 -2.22691136e+01 -1.89561346e+01 -2.01618608e+01 -2.07634950e+01
 -2.20925041e+01 -1.94449318e+01 -1.67718538e+01 -1.76998805e+01
 -1.90458788e+01 -1.31459446e+01 -1.21625746e+01 -7.38996164e+00
 -1.22066758e+01 -1.22877313e+01 -1.78909217e+01 -2.30511909e+01
 -2.31554430e+01 -2.16608711e+01 -1.18757835e+01 -7.73961860e+00
 -9.58529868e+00 -1.20022846e+01 -5.85098957e+00 -1.02459861e+01
 -9.85386960e+00 -1.11170451e+01 -9.10629778e+00 -1.08783835e+01
 -8.14658778e+00 -7.91357793e+00 -9.32026990e+00 -7.12075497e+00
 -3.68457874e+00  3.90507750e+00  3.56205060e+00  6.69067472e+00
  5.24838396e+00  4.75475621e+00  3.92515603e+00  4.31899488e+00
  2.07213344e+00  3.04767259e+00  3.13782779e+00 -1.71242209e-01
  2.63179464e+00  4.32451856e+00  4.80553595e+00  3.08263575e+00
  2.14698885e+00  1.81786101e+00  3.57960401e+00  8.24354596e+00
  6.74288154e+00  3.19633885e+00  5.89393793e+00  8.65583892e+00
  1.21741012e+01  1.28578785e+01  1.60206279e+01  1.71995221e+01
  2.01453704e+01  2.05885853e+01  1.92613324e+01  1.83724797e+01
  1.90269369e+01  2.06235126e+01  2.03741222e+01  1.65604632e+01
  1.58756038e+01  1.59833048e+01  1.66331137e+01  1.69366992e+01
  2.01048709e+01  2.44048715e+01  2.15986940e+01  2.32433918e+01
  2.30306003e+01  2.46472011e+01  2.56293317e+01  8.67235325e+00
  1.22498368e+01  6.62463787e+00  1.09123221e+01  1.00700442e+01
  5.24817952e+00  7.28653319e+00  3.23681356e+00  2.21654229e+00
  6.47629892e+00  4.49079281e+00  7.16604663e+00  9.63173265e+00
  1.18490692e+01  9.52203699e+00  9.19913503e+00  1.13425846e+01
  4.37025961e+00  8.98984516e-01  8.48736617e-01  2.64887831e+00
 -1.53570451e+00 -4.43762347e-01  4.83064509e+00  5.19755785e+00
  2.63606277e+00  3.78851043e+00  4.67191272e+00  7.40088776e+00
  8.41403578e+00  1.32342053e+01  1.27389736e+01  1.60359647e+01
  1.45750365e+01  1.18838937e+01  1.27839138e+01  1.34041050e+01
  1.55240067e+01  1.30147116e+01  9.74356222e+00  8.44137178e+00
  8.39994450e+00  6.92521458e+00  8.97039550e+00  9.07638331e+00
  8.29535316e+00  7.30768573e+00  7.17314070e+00  9.30213112e+00
  1.10058244e+01  9.51915608e+00  6.23990501e+00  2.69075215e+00
  8.04323657e-01  9.10833116e-01 -8.74332694e-01  1.64310343e+00
 -4.69695532e+00 -2.92233717e+00 -5.79418853e+00 -8.37985288e+00
 -1.27539163e+01 -1.42040959e+01 -1.26900404e+01 -1.18215188e+01
 -1.34834137e+01 -1.45695682e+01 -1.49647809e+01 -1.43451848e+01
 -1.55048463e+01 -2.04563954e+01 -9.79520999e+00 -1.10107326e+01
 -1.77586892e-01  1.40521618e+00  1.31995654e-01  7.42219227e-01
  9.02660526e-01 -2.16929894e+00 -7.66366416e+00 -7.98746040e+00
 -8.63833530e+00 -5.96592617e+00 -4.05303985e+00 -1.05843260e+01
 -4.87798372e+00 -9.38236654e+00 -1.46338130e+01 -9.57842205e+00
 -8.09420023e+00 -1.62855494e+00  6.36566632e+00  2.07176850e+00
 -1.90516666e+00 -5.94402462e+00 -7.29200532e+00 -6.61385485e-01
  2.16663369e+00  3.62404680e+00  5.38278220e+00  6.33267128e+00
  5.38893070e+00  4.43255433e+00  7.85915094e+00  1.30699242e+01
  5.74050472e+00  9.24655217e-01  3.65529372e+00  6.20734408e+00
  3.85381635e+00  1.08767239e+01  2.70408191e+00  1.91515608e+00
  3.09397324e+00  2.97312147e+00  9.21738981e+00  9.06397756e+00
  1.36950666e+01  1.17174495e+01  3.61852112e+00  4.04407792e+00
  2.98305535e+00  1.07113095e+01  1.27016370e+01  1.10958001e+01
  1.23344347e+01  1.14741264e+01  7.86418914e+00  1.26145068e+01
  6.49445325e+00  2.18144860e+00  6.19987991e+00  6.62903901e+00
  6.73741869e+00  2.08123601e+00  3.30800301e+00  3.27647927e+00
  4.10163170e+00  3.59483632e+00  3.94865444e+00  6.05010012e+00
  7.61540298e+00  6.67992266e+00  6.29662767e+00  6.30938726e+00
  6.83983763e+00  4.97378629e+00  4.14510065e+00  2.04154611e+00
  3.01131276e+00  3.62158940e+00  3.14186959e+00  3.35169218e+00
 -5.63284887e-01 -1.68204662e+00 -4.00142199e+00 -9.32473670e+00
 -9.61399578e+00 -9.78142196e+00 -9.88981200e+00 -1.32773011e+01
 -1.48700403e+01 -1.77126185e+01 -2.06632103e+01 -1.89839004e+01
 -2.36335712e+01 -2.85906457e+01 -2.34124041e+01 -1.84963762e+01
 -2.01079343e+01 -1.51597312e+01 -1.50646421e+01 -1.60626707e+01
 -1.55979914e+01 -1.69827282e+01 -1.54490228e+01 -1.06287257e+01
 -6.95756048e+00 -5.01232565e+00 -7.32822679e+00 -8.38744988e+00
  8.49392433e+00  8.73624756e-01 -1.47868503e+00  1.33249226e-01
 -1.04815464e+00 -4.40670963e+00 -1.67501613e+00 -6.68336743e-01
  4.82868311e-01  6.76052697e-01  3.96532922e-01  1.69025390e+00
 -6.02231443e-01 -7.07499390e+00  1.43530185e+00  1.32316406e-01
 -5.36202623e+00 -2.43649956e+00 -4.67428595e+00  9.60728938e-01
  4.98361146e+00  1.57218715e+00  3.37567672e+00  4.24743601e+00
  4.75134289e+00  5.49473560e+00  5.52983576e+00  5.89198651e+00
  5.77928977e+00  4.45627428e+00  5.36542262e+00  4.90669564e+00
  1.05443785e+01  1.01857889e+01  9.92072317e+00  7.13221586e+00
  6.56829871e+00  6.63155959e+00  3.60784914e+00  1.58041096e+00
 -2.93252174e+00 -2.96712300e+00 -3.71061079e+00 -3.96666488e+00
 -8.34589637e+00 -9.12430070e+00 -9.31070890e+00 -8.10835997e+00
 -4.22221440e+00 -5.45581963e+00 -2.84537676e+00 -4.49120525e+00
 -4.73085509e+00 -7.45552479e+00 -7.43643186e+00 -8.53334228e+00
 -1.23062493e+01 -1.10376349e+01 -1.46739887e+01 -1.39458099e+01
 -9.72973981e+00 -4.99579269e+00 -3.14090431e+00  2.00387656e+00
  4.59397700e+00  6.09893509e+00  4.44111792e+00  6.86812289e+00
  8.93263742e+00  8.01313985e+00  6.12976055e+00  9.88461887e+00
  7.07074704e+00  6.02738008e+00  5.77636552e+00  3.22450207e+00
  8.61092938e-01  9.97880011e-01  9.19567636e+00  1.37020676e+00
  6.75552727e-01  7.63773180e-01  6.96285893e+00  4.56275040e+00
  5.73990172e+00]",1,13.43756846068742,0.16258669208300622,10.131740527327807
SCHW,CSCO,0.026798495293317497,1.1760516197102213,11.120612888238565,True,"[-15.53184227 -10.11390315  -8.71937428  -9.50042703  -9.53503004
  -9.90449949  -9.72726494  -9.66960153  -9.76625901  -6.27858955
  -4.97563084  -3.27927521  -3.3205703   -3.58758935  -3.40055641
  -3.24133944  -2.29095754  -3.46121882  -2.85766051  -1.56847154
   3.23889776   2.80050601   0.75933426   1.24575534  -0.89008869
   0.25576283   0.21322436   0.36347202   0.49821163   0.72716629
  -0.04944403   0.25453671  -2.18316326  -1.858217    -1.53747372
  -1.39504026  -1.80465821  -3.08183271  -3.8523234   -3.76971134
  -4.94760927  -5.46267602  -6.67887927  -6.22593249  -6.7080584
  -6.63755168  -6.56356617  -7.48038467  -6.945621    -7.21108815
  -6.72560101  -5.84580742  -6.48036705  -5.82627999  -5.63302098
  -6.6275451   -5.86538229  -5.78255     -5.101818    -3.83755523
  -5.20042915  -5.60292214  -2.66949317  -2.20115076  -2.82585372
  -2.51056264  -2.12118889  -2.63192542  -2.15639114  -1.12452381
  -0.55072066   0.20998533  -0.1274414    0.20249689   0.85478415
   0.60860846   0.99897099  -0.67220527  -1.69352335  -1.96672444
  -1.39399588  -1.55541199  -0.16180474  -0.18939218   0.88722782
   1.72227366   3.48978452   3.35662833   3.20390094   3.0259083
   4.1323556    3.93649933   3.82044298   3.68939063   3.89836243
   4.54047553   4.57339369   5.39359776   3.30859825   3.05449928
   2.22301087   2.81796572   4.27619663   6.44072337   6.02867036
   6.08915107   6.33252339   7.35893044   8.10663991   8.03357583
   8.02156587   8.39032776   8.0591       8.36370025   9.12935919
   9.93068716  10.25433394  11.06935391   9.5837435    9.61443465
   9.15312105   9.50741163   7.42139345   9.4474401   10.21844193
  11.08947867  12.00896646  13.06422242  13.51457564   9.3920753
   7.44710331   7.58131819   6.28384837   6.25378403   7.53624118
   8.48430937   7.42019568   6.17784866  10.11735621   9.74278124
   9.86806431  10.03379987   9.47500119   9.75238878   9.6980255
   9.37986417   8.93588455   8.64951601   7.66574132   7.65208535
   8.83359854   8.10124468   8.05851124   7.68791895   7.74808782
   7.47127452   8.45990317   8.65458775   7.78553368   8.496171
  10.06057842   9.624149    10.49254848   9.09873484   8.77114167
   1.23529073  -3.58598442  -4.54442847  -3.91206399  -0.71751469
   0.18938584  -1.41052083   0.26985163  -0.10431226  -1.50787027
  -2.06205559  -2.13942282  -2.3887884   -1.87287969  -0.77005681
  -0.74639612  -1.27125252  -1.52838633  -1.23725746  -1.17508841
  -1.04449758   1.7094642   -1.9346502   -2.67684356  -3.23887832
  -4.26534476  -4.77083852  -4.80534526  -5.27851463  -5.24654694
  -5.71830259  -4.67068069  -4.34714019  -4.34996509  -4.10988848
  -4.57900206  -4.13780037  -4.20097558  -4.3199281   -4.37296214
  -4.39149258  -6.60921998  -6.45020899  -6.29960006  -5.67362792
  -5.90456638  -5.70964959  -5.69068104  -6.39516779  -7.11618796
  -7.79726248  -8.2222841   -7.84306682  -7.68555679  -8.02801496
  -8.90192471  -8.63473183  -7.66871687  -7.84773003  -7.49770924
  -6.67210626  -6.69853458  -6.49560159  -6.3803016   -2.0749687
  -4.5934111   -4.78417191  -5.73994268  -6.02882508  -6.00079778
  -4.84406723  -3.60834508  -4.11636052  -3.3717548   -3.97846532
  -4.6552599   -3.98170969  -4.71003891  -5.06863108  -5.10142655
  -2.67820059  -5.46625281  -4.47242643  -1.21264386  -0.96751599
  -1.44692707   1.91962508   2.89282587   3.80781309   2.96292765
   2.66862552   2.93668278   2.25738482   2.54481459   2.04584481
   2.73653389   2.98675972   1.37726723   1.05245811   1.27832023
   1.11693566   0.92915638   2.04647022   3.11263533   3.3508388
   3.48866992   0.4731287   -0.8024467   -2.16639452  -3.79543855
  -4.25683066  -4.59363299  -4.72472724  -5.59337924  -5.53436439
  -5.41728986  -5.73823122  -5.670444    -5.72421598  -5.30456625
  -5.17095781  -7.55502036  -7.13356165  -6.83045052  -6.96249993
  -7.93749289  -7.38003925  -5.36254756  -4.94417011  -1.38962666
  -2.40914455  -1.63546795  -1.88314861   2.44637692   1.22008984
   1.43822722   1.90195887   0.88009084   0.40191098  -0.88554132
  -2.23598453  -0.13614667  -0.59187329  -3.20652254  -0.75674199
  -1.78362725  -3.99915929  -6.14232542  -4.68594787  -4.44770608
  -4.43040205  -5.01559512  -4.47949778  -6.78169731  -6.86058035
  -6.81729763  -6.07019012  -6.74451696  -9.44273024  -8.67028887
  -9.20834652 -10.74454591 -11.9441132   -9.117005    -7.13511243
  -6.92895491  -4.30863823  -4.1027822   -3.63048256  -3.41402795
  -2.99591924  -2.80546272  -2.01827844  -1.25610941  -2.79741711
  -2.8724641   -4.02839582  -4.54236396  -5.25258678  -4.36121081
  -3.29464159  -5.85101118  -4.72582803  -3.4175257   -3.86977121
  -3.47187294  -1.24043903  -1.37315918  -0.86075006  -0.66851771
  -0.22122157   0.20116274   1.04284967   1.61962033   2.37351706
   2.44212076   2.52961462   3.02213117   2.70810966   2.36427248
   2.54862608   2.81870026   2.39812888   3.1643498    3.35950663
   3.658746     2.34840807   3.0681878    4.57493129   2.07110113
   3.39316106   3.58304175   4.11417632   2.77431645   2.31915467
   2.69939938   3.18225718   3.08032076   3.1281142    3.71809967
   2.54752622   1.84520654   1.29181634   0.78521653   0.11909646
   0.26513043   1.19646507   2.44162646   1.48391727   1.52075574
   1.47618249   1.67536263   2.03007716   0.77427063  -1.285114
  -0.94038006  -0.81032908  -2.05243803  -1.16536236  -0.75716492
  -0.50161981   0.26053407  -0.99096162   0.64023466   0.38953073
  -0.03642689   1.27773441   1.15763175   2.03753582   1.69876561
   1.12763556   1.87529872   4.85994973   4.9696865    4.32251996
   3.54545888   5.27742424   5.36825405   7.11599956   7.06923456
   7.35329395   6.74946077   5.68956907   5.64193857   6.11772955
   4.41136666   2.88678084   2.03738546   3.8966571    4.12668238
   2.17228399   5.64818015   7.6020651    6.78531776   6.59741955
   5.9382797    6.35348952   6.01279011   6.58320627   6.17196616
   5.74351481   4.80620943   3.953667     5.74166495   5.99364068
   7.02956164   2.72376094   4.1471463    3.82941292   1.47590272
   3.6902594    4.64629012   2.6334883    1.66869189   1.80518853
   1.87295678   3.47238568   4.11011875   3.8356114    2.55279102
   4.34322269   5.7596819    6.60519158   4.36689578   0.76112823
   1.72548626   3.08196509   1.83766569   1.75359052  -0.04232454
   0.62281352   0.93843628   3.03294379   1.52167799   1.45028429
   1.03598867   0.54288964   0.74133533   0.79901147   0.08957291
   0.83824222   0.23486261  -0.23894096  -2.67548627  -0.39837647
  -2.45653713  -2.58175088  -5.52765086  -2.33266933  -2.23393257
  -0.46732408   0.53739672  -0.32216802   0.66472929  -0.39139052
  -5.50781599]",6,17.411335767219807,0.19820246658542826,5.150515562466649
HON,TMO,0.02905547562646004,-0.09286774797428138,243.8696811754537,True,"[-2.82355999e+01 -2.70036104e+01 -2.71077751e+01 -2.63308592e+01
 -2.56065354e+01 -2.41600230e+01 -2.28607334e+01 -2.33204573e+01
 -2.25279837e+01 -2.18910026e+01 -2.01207591e+01 -1.83968251e+01
 -1.79428214e+01 -1.95689872e+01 -1.86018708e+01 -1.85751055e+01
 -2.18637731e+01 -1.61308862e+01 -1.48937095e+01 -1.15134577e+01
 -1.09060966e+01 -1.12375186e+01 -9.63857565e+00 -9.21357901e+00
 -1.15624602e+01 -8.95068368e+00 -8.18469717e+00 -5.94427588e+00
 -4.87385475e+00 -4.61843866e+00 -4.32640637e+00 -3.73754083e+00
 -9.21437401e+00 -8.08948187e+00 -9.90029786e+00 -9.75322252e+00
 -1.06455760e+01 -9.75390930e+00 -1.02259499e+01 -1.08989278e+01
 -1.41384769e+01 -1.42289652e+01 -1.17709255e+01 -1.05034236e+01
 -1.01157310e+01 -8.63437903e+00 -1.24162887e+01 -1.01368375e+01
 -9.98500573e+00 -7.88516286e+00 -4.43237391e+00 -1.03382864e+01
 -1.36115889e+01 -1.47396167e+01 -1.75744289e+01 -1.62022380e+01
 -1.65204421e+01 -1.72330386e+01 -1.59922446e+01 -1.40711945e+01
 -1.78684457e+01 -1.61940233e+01 -1.33681814e+01 -1.41442228e+01
 -1.25084787e+01 -1.15374678e+01 -9.66895201e+00 -9.44273911e+00
 -1.08645896e+01 -1.15337132e+01 -1.15466388e+01 -9.67131825e+00
 -9.15814434e+00 -8.14700871e+00 -9.59918817e+00 -6.08534379e+00
 -3.58898234e+00 -5.29265675e+00 -5.54479340e+00 -6.80574954e+00
 -6.62067397e+00 -1.04494460e+01 -9.29559966e+00 -1.05240631e+01
 -8.19454969e+00 -6.48646543e+00 -5.92667026e+00 -6.61657599e+00
 -9.55266290e+00 -7.68873326e+00 -2.94102670e+00 -2.66136163e+00
 -5.96853283e+00 -8.13892145e+00 -9.79304067e+00 -1.20450908e+01
 -1.02223747e+01 -9.72611529e+00 -8.17119770e+00 -1.21239787e+01
 -1.09300431e+01 -1.24418220e+01 -1.50586129e+01 -1.83982292e+01
 -1.94017399e+01 -1.92735974e+01 -1.60674180e+01 -1.45288917e+01
 -1.15767644e+01 -1.25694839e+01 -1.47094519e+01 -1.41438272e+01
 -1.35474385e+01 -1.52525435e+01 -1.23254104e+01 -1.41874355e+01
 -1.21007353e+01 -1.27325323e+01 -1.11054399e+01 -9.93807290e+00
 -7.18480323e+00 -3.69738190e+00 -3.10885887e+00 -3.26889555e+00
 -1.18894248e+00  1.06263821e+00  2.94727539e-01 -1.06421683e+00
 -2.44307607e+00 -3.03224648e+00 -6.69696890e+00 -6.51204926e+00
 -8.04137574e+00 -1.04660852e+01 -7.35929500e+00 -5.70143874e+00
 -5.30561715e+00 -9.16894625e-01  1.47495405e+00  1.14336896e+00
  1.56194163e+00  3.39789720e+00  1.72420103e+00  8.05747994e-01
  6.42319791e-01  5.32909650e-01  3.29903160e+00  4.25209005e+00
  4.31228435e+00  5.86813327e+00  6.72762105e+00  4.53312449e+00
  3.74905727e+00  3.93799376e+00  3.37189913e+00 -4.97261677e-02
  1.32361511e+00  7.71851933e-01  9.85072047e-01  7.25392212e-02
 -1.28303517e+00  2.75260211e+00  3.62142447e+00  4.35958662e+00
  4.60442104e+00  8.12303640e+00  9.68766273e+00  6.01965308e+00
  2.62972655e+00  5.91322368e+00  6.82798634e+00  5.48258133e+00
 -2.97424156e+00 -1.53896446e+00 -3.04883086e+00 -8.98315105e-01
  8.80255597e-01  1.50377341e+00  1.24145509e-01 -5.16399615e+00
 -5.63065933e+00 -7.79366457e+00 -4.87711535e+00 -6.69420629e+00
 -7.74933106e+00 -7.32906324e+00 -6.72526734e+00 -5.78844722e+00
 -4.72750273e+00 -3.89408961e+00 -2.30123372e+00 -1.45884954e+00
 -3.22430358e+00 -8.54644263e-01  3.61326964e-01  2.89292291e+00
  2.12141341e+00  4.30398205e+00  4.98687090e+00  1.37159628e+00
  2.50534589e+00 -3.22683024e-01 -4.38937317e+00 -7.50941865e-01
 -5.94350150e-01  1.72700505e+00  1.91105606e+00  1.19029843e+00
  1.95545312e+00  1.21046946e+00 -1.22447751e+00  1.61506261e+00
  6.84811838e-01  7.63552001e-01  2.29015334e+00  2.56466318e+00
  4.60469435e+00  4.70431549e+00  4.23887691e+00  3.12694607e+00
  1.08443974e+00 -9.30904953e-01 -3.13660775e-01 -7.06949603e-01
  2.36708630e+00  8.90517315e+00  8.30754683e+00  1.08040150e+01
  1.29263798e+01  1.23190538e+01  1.30494282e+01  1.43067692e+01
  1.68150912e+01  1.57482430e+01  1.57011348e+01  1.29299701e+01
  7.83081946e-01 -5.10222813e-01 -2.43486907e+00 -2.98708535e+00
 -4.36690448e+00 -3.39828232e+00  9.16146472e-01 -8.34110481e-01
  8.03176314e-01  7.73637076e+00  8.40132007e+00  9.85471947e+00
  1.47179428e+01  2.21523795e+01  2.14831860e+01  1.84454130e+01
  1.60897638e+01  1.48688210e+01  1.49902809e+01  1.39148430e+01
  1.36783650e+01  1.62177813e+01  1.76873271e+01  1.73888364e+01
  1.74869019e+01  2.12772393e+01  1.85417285e+01  1.61809891e+01
  1.82933075e+01  1.43044197e+01  1.51745352e+01  1.47058605e+01
  1.82804514e+01  1.81240064e+01  1.59866015e+01  1.61328118e+01
  2.42206500e+01  2.14260924e+01  1.44357508e+01  1.45015289e+01
  1.65193170e+01  1.55392298e+01  1.75140678e+01  2.00939329e+01
  1.78105925e+01  1.44408396e+01  1.39107718e+01  1.37841612e+01
  1.55872122e+01  1.16306716e+01  1.13841843e+01  1.08906848e+01
  8.81081173e+00  1.08785714e+01  1.04579819e+01  1.09117749e+01
  1.47829861e+01  1.44901246e+01  1.80424667e+01  1.63469620e+01
  1.87556937e+01  1.49021777e+01  1.96161547e+01  1.50275931e+01
  1.38650279e+01  2.02244095e+01  1.90763722e+01  1.74904024e+01
  1.73275864e+01  1.63817477e+01  3.85970152e+00 -2.45086285e-01
  8.15112060e-01 -1.35755164e+00 -3.81798184e+00 -4.07311186e+00
 -6.48456997e+00 -2.38726141e+00  9.02573400e-01  2.04912059e+00
  2.10759136e+00  5.01812104e-01  2.81154243e+00  1.61012561e+00
  1.55067996e+00  3.71384394e+00  2.40958933e+00 -1.99526798e+00
  2.21632150e-01  2.07103867e+00  5.48908490e+00  4.38136129e+00
 -1.66436740e+00 -3.89753221e+00 -3.92762296e+00 -7.55947629e-02
  5.80752365e-01  1.25307968e-01 -1.17792124e+00  9.33017390e-01
  1.29416604e-01  1.94534326e+00  1.68187324e+00  2.55262813e+00
  3.34767150e+00 -1.29295576e+00 -2.14899708e-01  1.49302671e-02
  2.94886161e+00 -7.49990527e+00 -2.51136213e+01 -2.84103429e+01
 -3.44217937e+01 -1.60984987e+01 -2.38452219e+01 -1.80389778e+01
 -1.54168443e+01 -1.75322606e+01 -2.30812011e+01 -2.08451851e+01
 -2.35797520e+01 -1.85238766e+01 -1.97991155e+01 -1.70609982e+01
 -1.87592285e+01 -1.76287157e+01 -6.95211555e+00 -7.73940162e+00
 -8.35989796e+00 -4.85826272e+00 -4.86496528e+00 -1.03084318e+01
 -5.86569840e+00 -5.65943134e+00 -7.77709436e+00  8.39840390e-01
 -5.42357126e-01 -3.63509328e+00  1.02801851e+00  3.30160167e+00
  5.40550603e+00  5.50225149e+00  1.07734933e+00  2.93148835e+00
  7.99155590e-01  5.86952852e+00  4.00329383e+00  4.69727046e+00
  5.99875140e+00  4.33191762e+00  5.82464615e+00  6.80796352e+00
  5.58535842e+00  7.89186976e+00  6.95930727e+00  6.70064395e+00
  6.34461425e+00  6.57696631e+00  3.80034232e+00  3.82807010e+00
  2.96467982e-01  5.84882157e-01  1.01285383e+00  3.98567645e+00
  4.24038950e+00  2.18834226e+00  6.62842895e+00  8.58808587e+00
  1.21050589e+01  1.91131692e+01  2.01562107e+01  2.13707739e+01
  1.93999641e+01  2.05149988e+01  1.89187499e+01  1.80970923e+01
  1.76926779e+01  1.88065181e+01  1.55367069e+01  1.68622740e+01
  1.90637801e+01  1.63987442e+01  1.42508572e+01  1.76303713e+01
  2.37795469e+01  1.06840202e+01  1.07642472e+01  1.21679478e+01
  8.75773050e+00  8.71749259e+00  8.00491006e+00  3.22380468e+00
  6.43921139e+00  6.67846979e+00  3.34072834e+00  1.39416766e+00
  1.69586044e+00  1.98209858e+00  3.90077622e+00  7.14524856e+00
  5.72450361e+00  5.81009931e+00  5.32498111e+00  6.64286365e+00
  6.56502810e+00  5.93562047e+00  1.25404636e+01  9.59077592e+00
  1.12180448e+01  9.94996197e+00  1.01945248e+01  8.72737277e+00
  6.45506349e+00  2.78554535e+00  4.33720880e+00  3.76808696e+00
  3.78005669e+00  2.77548021e+00 -1.25427757e-01  4.65672726e+00
 -8.06955413e-02 -2.41198239e-01 -4.02572025e-01 -4.66764458e-01
 -1.07601682e+00 -1.99946521e+00 -2.77445220e+00 -2.96890300e+00
 -3.80059575e+00 -5.46424107e+00 -4.53620823e+00 -3.71318708e+00
 -4.29231478e-01  3.51414726e+00  3.76059181e+00  3.61832175e+00
  3.62970974e+00  3.16695458e+00  3.71018731e+00 -1.72693415e+00
 -5.77358783e+00 -3.90900625e+00  1.57936237e+00 -3.98990223e+00
 -2.53096244e+00 -2.53016678e+00  8.20255536e-01  5.00896456e+00
  3.53629089e+00  1.72253423e+01  1.30105750e+01  1.11923023e+01
  9.99910836e+00  8.62964056e+00  7.89521549e+00  1.01525535e+01
  6.35945703e+00  5.08289050e+00  5.89577170e+00  4.60160867e+00
  3.35875127e+00  5.72465043e+00  1.10063271e+01  1.23284101e+01
  1.29575930e+01]",2,16.116204520943835,0.14753305598031044,10.98435937667987
